Date Time,Temperature,Humidity
2025-04-04 17:20:51,38.15,41.44
2025-04-04 17:21:50,38.54,41.74
2025-04-04 17:22:50,38.29,41.56
2025-04-04 17:23:50,38.77,41.36
2025-04-04 17:24:50,37.94,41.18
2025-04-04 17:25:50,37.53,41.25
2025-04-04 17:26:50,38.17,41
2025-04-04 17:27:43,37.43,41.44
2025-04-04 17:28:42,36.93,42.74
2025-04-04 17:29:42,36.44,43.12
2025-04-04 17:30:42,36.19,43.93
2025-04-04 17:31:42,36.48,44.1
2025-04-04 17:32:42,36.68,43.97
2025-04-04 17:33:42,36.81,43.56
2025-04-04 17:34:42,36.29,43.08
2025-04-04 17:35:42,37.2,43.53
2025-04-04 17:36:42,37.35,42.19
2025-04-04 17:37:42,36.56,41.88
2025-04-04 17:38:42,37.98,41.99
2025-04-04 18:52:08,32.24,71.02
2025-04-04 18:53:07,34.06,66.27
2025-04-04 18:54:07,35.3,63.35
2025-04-04 18:54:42,35.26,62.41
2025-04-04 18:55:38,35.32,61.19
2025-04-04 18:56:38,35.09,60.54
2025-04-04 18:57:38,35.14,60
2025-04-04 18:58:38,35.84,59.34
2025-04-04 18:59:38,35.94,58.71
2025-04-04 19:00:38,35.61,58.31
2025-04-04 19:01:38,35.82,57.73
2025-04-04 19:02:38,35.42,57.69
2025-04-04 19:03:38,35.22,57.86
2025-04-04 19:04:38,35.69,57.39
2025-04-04 19:05:38,35.94,57.1
2025-04-04 19:06:38,35.69,56.92
2025-04-04 19:07:38,35.61,56.66
2025-04-04 19:08:38,35.59,56.67
2025-04-04 19:09:38,35.65,56.62
2025-04-04 19:10:38,35.59,56.2
2025-04-04 19:11:38,35.47,56.32
2025-04-04 19:12:38,35.45,56.32
2025-04-04 19:13:38,35.3,56.27
2025-04-04 19:14:38,35.26,56.21
2025-04-04 19:15:38,35.24,56.03
2025-04-04 19:16:38,35.32,55.97
2025-04-04 19:17:38,34.97,56.08
2025-04-04 19:18:38,34.12,56.48
2025-04-04 19:19:38,34.33,56.92
2025-04-04 19:20:38,34.5,56.72
2025-04-04 19:21:38,34.7,56.75
2025-04-04 19:22:38,34.48,56.34
2025-04-04 19:23:38,34.45,56.4
2025-04-04 19:24:38,34.41,56.46
2025-04-04 19:25:38,34.41,56.47
2025-04-04 19:26:38,34.6,56.26
2025-04-04 19:27:38,34.04,56.33
2025-04-04 19:28:38,34,56.3
2025-04-04 19:29:38,34.19,56.25
2025-04-04 19:30:38,34.85,56.28
2025-04-04 19:31:38,34.17,56.24
2025-04-04 19:32:38,34.58,56.35
2025-04-04 19:33:38,34.39,56.17
2025-04-04 19:34:38,34.58,56.15
2025-04-04 19:35:38,33.92,56.19
2025-04-04 19:36:38,34.48,56.38
2025-04-04 19:37:38,34.02,56.16
2025-04-04 19:38:38,34.62,56.28
2025-04-04 19:39:38,34.6,56
2025-04-04 19:40:38,34.41,56.12
2025-04-04 19:41:38,34.74,55.74
2025-04-04 19:42:38,35.28,55.36
2025-04-04 19:43:38,34.89,54.96
2025-04-04 19:44:38,34.93,54.9
2025-04-04 19:45:38,34.45,55.03
2025-04-04 19:46:38,34.02,55.5
2025-04-04 19:47:38,33.69,55.8
2025-04-04 19:48:38,33.36,56.26
2025-04-04 19:49:38,33.52,56.57
2025-04-04 19:50:38,34.17,56.59
2025-04-04 19:51:38,34.02,56.36
2025-04-04 19:52:38,33.79,56.39
2025-04-04 19:53:38,33.52,56.56
2025-04-04 19:54:38,33.71,56.78
2025-04-04 19:55:38,34.25,56.05
2025-04-04 19:56:38,35.22,55.51
2025-04-04 19:57:38,33.55,55.81
2025-04-04 19:58:38,33.86,56.24
2025-04-04 19:59:38,33.05,56.45
2025-04-04 20:00:39,32.97,57.04
2025-04-04 20:01:39,32.62,57.29
2025-04-04 20:02:39,32.57,57.63
2025-04-04 20:03:39,32.41,57.48
2025-04-04 20:04:39,33.42,57.48
2025-04-04 20:05:39,33.4,56.96
2025-04-04 20:06:39,33.79,56.61
2025-04-04 20:07:39,33.96,55.79
2025-04-04 20:08:39,34,55.52
2025-04-04 20:09:39,33.86,55.08
2025-04-04 20:10:39,34.78,54.9
2025-04-04 20:11:39,34.56,54.3
2025-04-04 20:12:39,34.95,53.95
2025-04-04 20:13:39,34.62,53.67
2025-04-04 20:14:39,34.87,53.88
2025-04-04 20:15:39,34.47,54.03
2025-04-04 20:16:39,35.43,53.73
2025-04-04 20:17:39,34.25,53.73
2025-04-04 20:18:39,34.58,53.84
2025-04-04 20:19:39,35.16,53.58
2025-04-04 20:20:39,35.01,53.22
2025-04-04 20:21:39,35.38,53.13
2025-04-04 20:22:39,35.34,53.09
2025-04-04 20:23:39,35.12,52.9
2025-04-04 20:24:39,34.45,53.16
2025-04-04 20:25:39,35.09,53.53
2025-04-04 20:26:39,34.87,52.96
2025-04-04 20:27:39,35.26,52.84
2025-04-04 20:28:39,34.64,52.55
2025-04-04 20:29:39,34.6,52.66
2025-04-04 20:30:39,34.68,53.15
2025-04-04 20:31:39,35.07,53
2025-04-04 20:32:39,34.83,52.6
2025-04-04 20:33:39,34.62,52.78
2025-04-04 20:34:39,34.87,52.87
2025-04-04 20:35:39,34.29,52.65
2025-04-04 20:36:39,35.03,52.43
2025-04-04 20:37:39,34.91,52.45
2025-04-04 20:38:39,35.45,52.39
2025-04-04 20:39:39,34.68,52.15
2025-04-04 20:40:39,34.17,52.43
2025-04-04 20:41:39,34.93,52.65
2025-04-04 20:42:39,35.32,52.17
2025-04-04 20:43:39,34.87,52.04
2025-04-04 20:44:39,34.04,52.25
2025-04-04 20:45:39,34.17,52.54
2025-04-04 20:46:39,34.89,52.56
2025-04-04 20:47:39,34.6,52.54
2025-04-04 20:48:39,33.88,52.66
2025-04-04 20:49:39,34.58,52.32
2025-04-04 20:50:39,34.23,52.48
2025-04-04 20:51:39,34.43,52.51
2025-04-04 20:52:39,34.16,52.37
2025-04-04 20:53:39,34.29,52.35
2025-04-04 20:54:39,34.76,52.4
2025-04-04 20:55:39,34.93,52.08
2025-04-04 20:56:39,35.16,51.96
2025-04-04 20:57:39,35.24,51.57
2025-04-04 20:58:39,34.8,51.6
2025-04-04 20:59:39,34.78,51.61
2025-04-04 21:00:39,34.25,51.83
2025-04-04 21:01:39,34.72,51.83
2025-04-04 21:02:39,34.93,51.56
2025-04-04 21:03:39,34.72,51.54
2025-04-04 21:04:39,35.07,51.43
2025-04-04 21:05:39,34.76,51.59
2025-04-04 21:06:39,34.93,51.61
2025-04-04 21:07:39,35.11,51.25
2025-04-04 21:08:39,35.2,51.17
2025-04-04 21:09:39,34.68,51.37
2025-04-04 21:10:39,34.31,51.34
2025-04-04 21:11:39,34.06,51.76
2025-04-04 21:12:39,34.37,51.85
2025-04-04 21:13:39,34.19,51.62
2025-04-04 21:14:39,34.35,51.63
2025-04-04 21:15:39,34.29,51.77
2025-04-04 21:16:39,34.29,51.72
2025-04-04 21:17:39,34.33,51.66
2025-04-04 21:18:39,34.14,51.67
2025-04-04 21:19:39,33.57,51.92
2025-04-04 21:20:39,33.63,52.41
2025-04-04 21:21:39,34.19,52.27
2025-04-04 21:22:39,34.12,52.57
2025-04-04 21:23:39,34.47,52.96
2025-04-04 21:24:39,34.91,53.01
2025-04-04 21:25:39,35.14,53.2
2025-04-04 21:26:39,35.34,52.92
2025-04-04 21:27:39,35.45,52.56
2025-04-04 21:28:39,35.28,52.53
2025-04-04 21:29:39,34.99,52.38
2025-04-04 21:30:39,35.07,52.43
2025-04-04 22:33:16,27.99,73.55
2025-04-04 22:34:12,32.6,62.79
2025-04-04 22:34:30,32.22,62.44
2025-04-04 22:35:27,33.34,60.15
2025-04-04 22:36:27,36.97,67.05
2025-04-04 22:37:27,39.14,66.38
2025-04-04 22:38:27,40.59,63.96
2025-04-04 22:39:27,41.6,61.72
2025-04-04 22:40:27,42.4,60.2
2025-04-04 22:41:27,42.36,59.51
2025-04-04 22:42:27,43.11,58.23
2025-04-04 22:43:27,43.4,57.65
2025-04-04 22:44:27,43.62,57.2
2025-04-04 22:45:27,43.77,56.72
2025-04-04 22:46:27,43.85,56.22
2025-04-04 22:47:27,43.95,56.16
2025-04-04 22:48:27,43.93,55.91
2025-04-04 22:49:27,44.65,55.27
2025-04-04 22:50:27,44.98,54.62
2025-04-04 22:51:27,44.32,54.86
2025-04-04 22:52:27,44.32,54.81
2025-04-04 22:53:27,43.6,55.45
2025-04-04 22:54:27,44.04,55.3
2025-04-04 22:55:27,43.93,55.33
2025-04-04 22:56:27,43.6,55.33
2025-04-04 22:57:27,43.54,56.05
2025-04-04 22:58:27,44.01,55.75
2025-04-04 22:59:35,41.8,55.48
2025-04-04 23:00:33,41.95,52.3
2025-04-04 23:01:33,42.12,52.22
2025-04-04 23:05:01,39.02,51.94
2025-04-04 23:06:01,37.49,47.9
2025-04-04 23:07:01,37.45,47.5
2025-04-04 23:08:01,38.01,46.36
2025-04-04 23:09:01,37.94,45.8
2025-04-04 23:10:01,37.55,44.71
2025-04-04 23:11:01,37.63,44.21
2025-04-04 23:12:01,38.63,43.61
2025-04-04 23:13:01,37.37,43.21
2025-04-04 23:14:01,37.72,42.64
2025-04-04 23:15:01,37.72,42.27
2025-04-04 23:16:01,37.7,41.82
2025-04-04 23:17:01,36.7,41.59
2025-04-04 23:18:01,36.58,41.68
2025-04-04 23:19:01,37.45,41.22
2025-04-04 23:20:01,37.22,40.85
2025-04-04 23:21:01,36.93,40.53
2025-04-04 23:22:01,37.32,40.71
2025-04-04 23:23:01,36,40.53
2025-04-04 23:24:01,36.04,40.84
2025-04-04 23:25:01,36.58,40.72
2025-04-04 23:26:01,36.85,40.53
2025-04-04 23:27:01,36.77,40.65
2025-04-04 23:28:01,36.79,40.51
2025-04-04 23:29:01,37.32,40.6
2025-04-04 23:30:01,36.83,40.51
2025-04-04 23:31:01,37.66,40.8
2025-04-04 23:32:01,37.26,40.78
2025-04-04 23:33:01,37.24,41.16
2025-04-04 23:34:01,36.93,41.27
2025-04-04 23:35:01,36.46,41.28
2025-04-04 23:36:01,37.1,41.34
2025-04-04 23:37:01,37.32,41.61
2025-04-04 23:38:01,37.34,41.61
2025-04-04 23:39:01,37.49,41.71
2025-04-04 23:40:01,36.83,41.9
2025-04-04 23:41:01,37.41,42.19
2025-04-04 23:42:01,37.76,42.19
2025-04-04 23:43:01,37.51,42.35
2025-04-04 23:44:01,37.41,42.37
2025-04-04 23:45:01,37.43,42.49
2025-04-04 23:46:01,37.37,42.59
2025-04-04 23:47:01,37.06,42.34
2025-04-04 23:48:01,37.82,42.74
2025-04-04 23:49:01,37.22,43.15
2025-04-04 23:50:01,37.7,43.24
2025-04-04 23:51:01,37.43,43.17
2025-04-04 23:52:01,37.35,43.07
2025-04-04 23:53:01,37.72,43.19
2025-04-04 23:54:01,37.78,43.26
2025-04-04 23:55:01,37.49,43.25
2025-04-04 23:56:01,37.68,43.39
2025-04-04 23:57:01,37.66,43.14
2025-04-04 23:58:01,37.65,43.1
2025-04-04 23:59:01,38.01,43.47
2025-04-05 0:00:01,38.17,43.14
2025-04-05 0:01:01,38.09,43.13
2025-04-05 0:02:01,38.05,43.12
2025-04-05 0:03:01,38.05,43.04
2025-04-05 0:04:01,38.11,42.88
2025-04-05 0:05:01,37.96,42.97
2025-04-05 0:06:01,38.3,42.9
2025-04-05 0:07:01,38.44,42.76
2025-04-05 0:08:01,37.02,42.7
2025-04-05 0:09:01,38.11,42.84
2025-04-05 0:10:01,37.65,42.73
2025-04-05 0:11:01,38.13,42.93
2025-04-05 0:11:50,36.39,45.55
2025-04-05 0:12:45,39.08,57.89
2025-04-05 0:13:45,40.63,59.13
2025-04-05 0:14:45,41.81,58.38
2025-04-05 0:15:45,42.51,57.22
2025-04-05 0:16:45,43.31,56.93
2025-04-05 0:17:45,43.73,56.28
2025-04-05 0:18:45,43.93,56.05
2025-04-05 0:19:45,44.3,56.03
2025-04-05 0:20:45,44.51,55.55
2025-04-05 0:21:45,44.55,55.35
2025-04-05 0:22:45,44.84,55
2025-04-05 0:23:45,44.94,54.33
2025-04-05 0:24:45,45.11,54.51
2025-04-05 0:25:45,44.94,54.09
2025-04-05 0:26:45,45.01,54.44
2025-04-05 0:27:45,44.66,54.74
2025-04-05 0:28:45,44.94,54.46
2025-04-05 0:29:32,40.44,51.27
2025-04-05 0:30:27,38.34,49.22
2025-04-05 0:31:27,37.74,48.61
2025-04-05 0:32:27,37.12,48.33
2025-04-05 0:33:27,36.44,48.36
2025-04-05 0:34:27,35.78,48.36
2025-04-05 0:35:27,35.59,48.42
2025-04-05 0:36:27,35.53,48.37
2025-04-05 0:37:27,35.12,48.16
2025-04-05 0:38:27,35.14,47.95
2025-04-05 0:39:27,34.97,47.75
2025-04-05 0:40:27,35.07,47.71
2025-04-05 0:41:27,34.6,47.62
2025-04-05 0:42:27,34.58,47.31
2025-04-05 0:43:27,34.48,47.32
2025-04-05 0:44:27,34.64,47.48
2025-04-05 0:45:27,34.62,47.17
2025-04-05 0:46:27,34.68,47.18
2025-04-05 0:47:27,34.64,46.98
2025-04-05 0:48:27,34.21,46.91
2025-04-05 0:49:27,34.31,46.87
2025-04-05 0:50:27,34.43,47
2025-04-05 0:51:27,34.43,46.84
2025-04-05 0:52:27,34.41,46.72
2025-04-05 0:53:27,34.33,46.6
2025-04-05 0:54:27,34.54,46.56
2025-04-05 0:55:27,34.37,46.57
2025-04-05 0:56:27,34.17,46.59
2025-04-05 0:57:27,34.17,46.51
2025-04-05 0:58:27,34.31,46.34
2025-04-05 0:59:27,34.29,46.26
2025-04-05 1:00:27,34.04,46.42
2025-04-05 1:01:27,34.31,46.55
2025-04-05 1:02:27,34.02,46.5
2025-04-05 1:03:27,34.16,46.55
2025-04-05 1:04:27,34.35,46.54
2025-04-05 1:05:27,34.04,46.39
2025-04-05 1:06:27,34.21,46.6
2025-04-05 1:07:27,34.23,46.54
2025-04-05 1:08:27,34.1,46.37
2025-04-05 1:09:27,34.58,46.31
2025-04-05 1:10:27,34.19,46.25
2025-04-05 1:11:27,34.39,46.09
2025-04-05 1:12:27,34.23,46.03
2025-04-05 1:13:27,33.92,47.03
2025-04-05 1:14:27,34.56,48.35
2025-04-05 1:15:27,35.28,48.75
2025-04-05 1:16:27,35.51,49.56
2025-04-05 1:17:27,35.47,50.4
2025-04-05 1:18:27,35.61,50.01
2025-04-05 1:19:27,35.76,49.58
2025-04-05 1:20:27,34.99,49.03
2025-04-05 1:21:27,34.76,48.57
2025-04-05 1:22:27,34.31,48.09
2025-04-05 1:23:27,34.23,47.84
2025-04-05 1:24:27,34.25,47.39
2025-04-05 1:25:27,33.71,47.01
2025-04-05 1:26:27,33.9,46.92
2025-04-05 1:27:27,33.67,46.69
2025-04-05 1:28:27,33.71,46.69
2025-04-05 1:29:27,34.14,47.84
2025-04-05 1:30:27,34.35,49.14
2025-04-05 1:31:27,35.18,49.43
2025-04-05 1:32:27,35.28,50.02
2025-04-05 1:33:27,34.76,50.71
2025-04-05 1:34:27,35.67,51.96
2025-04-05 1:35:27,35.78,51.08
2025-04-05 1:36:27,35.3,49.99
2025-04-05 1:37:27,34.8,49.25
2025-04-05 1:38:27,34.43,48.76
2025-04-05 1:39:27,34.16,48.48
2025-04-05 1:40:27,34.14,48.28
2025-04-05 1:41:27,34.1,48.07
2025-04-05 1:42:27,33.77,47.63
2025-04-05 1:43:27,33.55,47.57
2025-04-05 1:44:27,33.83,47.46
2025-04-05 1:45:27,34.02,48.34
2025-04-05 1:46:27,34.56,49.02
2025-04-05 1:47:27,35.12,50
2025-04-05 1:48:27,35.12,50.83
2025-04-05 1:49:27,34.35,51.67
2025-04-05 1:50:27,35.65,52.98
2025-04-05 1:51:27,35.47,52.81
2025-04-05 1:52:27,35.47,51.72
2025-04-05 1:53:27,35.2,50.9
2025-04-05 1:54:27,34.72,50.23
2025-04-05 1:55:27,34.56,49.92
2025-04-05 1:56:27,34.41,49.31
2025-04-05 1:57:27,34.08,48.92
2025-04-05 1:58:27,34.12,48.46
2025-04-05 1:59:27,33.94,48.07
2025-04-05 2:00:27,33.86,48.49
2025-04-05 2:01:27,34.12,48.54
2025-04-05 2:02:27,33.77,49.12
2025-04-05 2:03:28,34.19,49.08
2025-04-05 2:04:28,34,48.8
2025-04-05 2:05:28,33.98,48.64
2025-04-05 2:06:28,33.57,48.63
2025-04-05 2:07:28,34.19,49.38
2025-04-05 2:08:28,34.66,50.43
2025-04-05 2:09:28,35.2,51.2
2025-04-05 2:10:28,35.53,51.86
2025-04-05 2:11:28,35.76,52.51
2025-04-05 2:12:28,35.49,52.7
2025-04-05 2:13:28,35.38,52.23
2025-04-05 2:14:28,34.91,51.58
2025-04-05 2:19:00,34.19,50.54
2025-04-05 2:19:13,33.92,50.05
2025-04-05 2:19:27,34.21,49.57
2025-04-05 2:19:40,33.57,49.24
2025-04-05 2:20:28,33.94,48.75
2025-04-05 2:21:28,33.92,48.44
2025-04-05 2:22:28,33.67,48.28
2025-04-05 2:23:28,34.45,49.33
2025-04-05 2:24:28,34.83,50.24
2025-04-05 2:25:28,35.38,50.87
2025-04-05 2:26:28,35.82,51.81
2025-04-05 2:27:28,35.14,52.34
2025-04-05 2:28:28,35.96,53.14
2025-04-05 2:29:28,36.19,52.3
2025-04-05 2:30:28,35.49,51.44
2025-04-05 2:31:28,35.01,50.57
2025-04-05 2:32:28,34.62,50.29
2025-04-05 2:33:28,34.39,49.82
2025-04-05 2:34:28,34.12,49.62
2025-04-05 2:35:28,34.08,49.06
2025-04-05 2:36:28,33.77,48.79
2025-04-05 2:37:28,33.67,48.5
2025-04-05 2:38:28,33.9,48.84
2025-04-05 2:39:28,34.76,49.81
2025-04-05 2:40:28,35.45,50.43
2025-04-05 2:41:28,34.97,51.23
2025-04-05 2:42:28,35.42,51.8
2025-04-05 2:43:28,35.94,52.61
2025-04-05 2:44:28,36.02,53.01
2025-04-05 2:48:37,35.34,51.15
2025-04-05 2:48:51,34.6,50.83
2025-04-05 2:49:05,34.54,50.46
2025-04-05 2:49:28,34.19,50.09
2025-04-05 2:54:16,33.5,49.05
2025-04-05 2:54:31,33.53,49.04
2025-04-05 2:54:44,34.25,49.85
2025-04-05 2:55:28,34.27,51.08
2025-04-05 2:56:28,34.52,51.87
2025-04-05 2:57:28,35.26,52.46
2025-04-05 2:58:28,35.59,52.89
2025-04-05 2:59:28,35.73,53.76
2025-04-05 3:00:28,36.04,54.17
2025-04-05 3:01:28,35.34,52.68
2025-04-05 3:02:28,35.4,52.22
2025-04-05 3:03:28,35.16,51.49
2025-04-05 3:04:28,34.78,50.94
2025-04-05 3:05:28,34.6,50.41
2025-04-05 3:06:28,34.21,49.81
2025-04-05 3:07:28,34.1,49.4
2025-04-05 3:08:28,33.84,49.97
2025-04-05 3:09:28,34.78,50.94
2025-04-05 3:10:28,35.22,51.77
2025-04-05 3:11:28,34.74,52.38
2025-04-05 3:12:28,35.26,52.99
2025-04-05 3:13:28,35.96,53.74
2025-04-05 3:14:28,36.25,54.24
2025-04-05 3:15:28,35.53,52.88
2025-04-05 3:16:28,35.14,52.08
2025-04-05 3:17:28,34.7,51.49
2025-04-05 3:18:28,34.56,51.03
2025-04-05 3:19:28,34.31,50.56
2025-04-05 3:20:28,33.84,50.13
2025-04-05 3:21:28,33.9,49.71
2025-04-05 3:22:28,33.84,49.75
2025-04-05 3:23:28,34.7,50.84
2025-04-05 3:24:28,35.07,51.37
2025-04-05 3:25:28,35.26,52.45
2025-04-05 3:26:28,35.32,52.91
2025-04-05 3:27:28,35.82,53.15
2025-04-05 3:28:28,36.42,53.81
2025-04-05 3:29:28,36.39,54.53
2025-04-05 3:30:28,35.8,53.19
2025-04-05 3:31:28,35.75,52.14
2025-04-05 3:32:28,34.56,51.55
2025-04-05 3:33:28,34.64,51.4
2025-04-05 3:34:28,34.33,50.86
2025-04-05 3:35:28,33.79,50.54
2025-04-05 3:36:28,33.4,50.32
2025-04-05 3:37:28,33.38,50.91
2025-04-05 3:38:28,34.76,52.01
2025-04-05 3:39:28,35.28,52.45
2025-04-05 3:40:28,35.53,52.83
2025-04-05 3:41:28,35.59,53.6
2025-04-05 3:42:28,35.14,53.74
2025-04-05 3:43:28,36.13,54.81
2025-04-05 3:44:28,36.09,54.02
2025-04-05 3:45:28,35.57,53
2025-04-05 3:46:28,34.74,52.11
2025-04-05 3:47:28,34.33,51.72
2025-04-05 3:48:28,34.39,51.38
2025-04-05 3:49:28,33.65,51.21
2025-04-05 3:50:28,33.32,50.81
2025-04-05 3:51:28,33.44,51.48
2025-04-05 3:52:28,33.52,52.22
2025-04-05 3:53:28,34.6,52.95
2025-04-05 3:54:28,34.76,53.47
2025-04-05 3:55:28,35.75,54.11
2025-04-05 3:56:28,36.56,52.49
2025-04-05 3:57:28,36.54,50.83
2025-04-05 3:58:28,36.42,50.01
2025-04-05 3:59:28,35.88,49.23
2025-04-05 4:00:28,36.13,48.29
2025-04-05 4:01:28,35.16,49.47
2025-04-05 4:02:28,35.67,50.2
2025-04-05 4:03:28,36.15,51.03
2025-04-05 4:04:28,36.48,51.17
2025-04-05 4:05:28,36.73,51.66
2025-04-05 4:06:28,35.88,52.76
2025-04-05 4:07:28,36.25,53.42
2025-04-05 4:08:28,36.75,53.98
2025-04-05 4:09:28,36.93,54.13
2025-04-05 4:10:28,38.19,52.13
2025-04-05 4:11:28,38.15,50.62
2025-04-05 4:12:28,37.61,49.72
2025-04-05 4:13:28,37.35,49
2025-04-05 4:14:28,36.42,48.41
2025-04-05 4:15:28,36.68,47.98
2025-04-05 4:16:28,35.22,49.11
2025-04-05 4:17:28,35.9,50.25
2025-04-05 4:18:28,37.06,51.18
2025-04-05 4:19:28,36.35,51.99
2025-04-05 4:20:28,37.16,52.02
2025-04-05 4:21:28,36.85,52.77
2025-04-05 4:22:28,36.21,53.2
2025-04-05 4:23:28,36.87,54.37
2025-04-05 4:24:28,37.16,54.3
2025-04-05 4:25:28,37.72,51.97
2025-04-05 4:26:28,38.29,51.14
2025-04-05 4:27:28,37.92,49.87
2025-04-05 4:28:28,37.59,48.94
2025-04-05 4:29:28,37.01,48.22
2025-04-05 4:30:28,37.02,47.53
2025-04-05 4:31:28,35.88,48.6
2025-04-05 4:32:28,36.56,49.58
2025-04-05 4:33:28,35.69,50.06
2025-04-05 4:34:28,37.01,50.74
2025-04-05 4:35:28,37.63,51.44
2025-04-05 4:36:28,36.66,52.01
2025-04-05 4:37:28,36.85,53.08
2025-04-05 4:38:28,36.79,53.36
2025-04-05 4:39:28,38.44,52.82
2025-04-05 4:40:28,37.82,53.17
2025-04-05 4:41:28,38.32,51.36
2025-04-05 4:42:28,38.79,50.14
2025-04-05 4:43:28,38.03,49.66
2025-04-05 4:44:28,37.26,49.36
2025-04-05 4:45:28,36.62,48.88
2025-04-05 4:46:28,36.58,48.1
2025-04-05 4:47:28,36.09,49.85
2025-04-05 4:48:28,35.38,50.68
2025-04-05 4:49:28,36.7,51.66
2025-04-05 4:50:28,36.33,52.14
2025-04-05 4:51:28,36.75,52.66
2025-04-05 4:53:28,36.21,54.05
2025-04-05 4:54:28,37.41,54.03
2025-04-05 4:52:28,36.75,53.37
2025-04-05 4:55:28,38.01,54.24
2025-04-05 4:56:28,37.99,51.94
2025-04-05 4:57:28,38.6,50.56
2025-04-05 4:58:28,38.17,49.45
2025-04-05 4:59:28,37.82,48.91
2025-04-05 5:00:28,37.47,48.2
2025-04-05 5:01:28,36.77,47.78
2025-04-05 5:02:28,36.75,49.19
2025-04-05 5:03:28,35.38,50.17
2025-04-05 5:04:28,37.34,51.5
2025-04-05 5:05:28,35.86,51.95
2025-04-05 5:06:28,36.6,52.61
2025-04-05 5:07:28,36.33,53.4
2025-04-05 5:08:28,36.83,53.04
2025-04-05 5:09:28,37.94,53.86
2025-04-05 5:10:28,37.92,54.02
2025-04-05 5:11:28,38.21,51.87
2025-04-05 5:12:28,38.52,50.24
2025-04-05 5:13:28,37.98,49.5
2025-04-05 5:14:28,37.99,48.74
2025-04-05 5:15:28,37.41,48.15
2025-04-05 5:16:28,36.44,47.85
2025-04-05 5:17:28,36.48,49.5
2025-04-05 5:18:28,36.58,50.46
2025-04-05 5:19:28,37.41,51.26
2025-04-05 5:20:28,36.25,52.3
2025-04-05 5:21:28,36.73,52.68
2025-04-05 5:22:28,36.83,53.43
2025-04-05 5:23:28,37.78,53.46
2025-04-05 5:24:28,38.13,53.86
2025-04-05 5:25:28,38.21,53.05
2025-04-05 5:26:28,38.34,50.88
2025-04-05 5:27:28,38.13,49.75
2025-04-05 5:28:28,37.61,49.04
2025-04-05 5:29:28,37.7,48.28
2025-04-05 5:30:28,37.1,47.83
2025-04-05 5:31:28,36.31,48.29
2025-04-05 5:32:28,36.35,49.86
2025-04-05 5:33:28,36.77,50.18
2025-04-05 5:34:28,37.49,51.19
2025-04-05 5:35:28,35.92,51.95
2025-04-05 5:36:28,36.81,52.65
2025-04-05 5:37:28,36.25,53.37
2025-04-05 5:38:28,37.02,53.64
2025-04-05 5:39:28,37.49,54.58
2025-04-05 5:40:28,37.08,54.7
2025-04-05 5:41:28,38.34,52.58
2025-04-05 5:42:28,38.29,51.16
2025-04-05 5:43:28,38.23,49.86
2025-04-05 5:44:28,38.19,48.91
2025-04-05 5:45:28,37.02,48.56
2025-04-05 5:46:28,36.52,48.4
2025-04-05 5:47:28,36.35,49.8
2025-04-05 5:48:28,36.37,50.7
2025-04-05 5:49:28,37.16,51.71
2025-04-05 5:50:28,36.02,51.83
2025-04-05 5:51:28,36.62,52.76
2025-04-05 5:52:28,36.39,53.56
2025-04-05 5:53:28,36.62,53.75
2025-04-05 5:54:28,37.68,54.56
2025-04-05 5:55:28,37.43,54.81
2025-04-05 5:56:28,37.51,52.55
2025-04-05 5:57:28,38.32,51.25
2025-04-05 5:58:28,37.84,49.96
2025-04-05 5:59:28,37.92,49.21
2025-04-05 6:00:28,37.41,48.63
2025-04-05 6:01:28,36.25,48.86
2025-04-05 6:02:28,36.85,49.84
2025-04-05 6:03:28,36.64,50.74
2025-04-05 6:04:28,37.84,51.39
2025-04-05 6:05:28,37.06,51.38
2025-04-05 6:06:28,38.46,52.03
2025-04-05 6:07:28,37.35,52.85
2025-04-05 6:08:28,37.47,53.36
2025-04-05 6:09:28,37.72,53.99
2025-04-05 6:10:28,37.28,54.24
2025-04-05 6:11:28,38.15,54.55
2025-04-05 6:12:28,38.01,52.78
2025-04-05 6:13:28,38.34,51.15
2025-04-05 6:14:28,38.5,49.94
2025-04-05 6:15:28,37.61,49.46
2025-04-05 6:16:28,37.43,49.33
2025-04-05 6:17:28,36.56,48.89
2025-04-05 6:18:28,36.29,50.01
2025-04-05 6:19:28,36.85,51.1
2025-04-05 6:20:28,35.92,51.66
2025-04-05 6:21:28,37.24,52.8
2025-04-05 6:22:28,36.21,53.4
2025-04-05 6:23:28,37.02,53.6
2025-04-05 6:24:28,37.86,53.91
2025-04-05 6:25:28,37.3,53.87
2025-04-05 6:26:28,38.19,54.51
2025-04-05 6:27:28,37.02,53.44
2025-04-05 6:28:28,38.61,52.53
2025-04-05 6:29:28,38.25,50.89
2025-04-05 6:30:28,38.17,50.06
2025-04-05 6:31:28,37.8,49.17
2025-04-05 6:32:28,36.21,48.61
2025-04-05 6:33:28,35.92,50.48
2025-04-05 6:34:28,35.94,51.69
2025-04-05 6:35:28,36.89,52.55
2025-04-05 6:36:28,36.6,53.49
2025-04-05 6:37:28,37.22,53.58
2025-04-05 6:38:28,37.06,53.72
2025-04-05 6:39:28,36.77,54.31
2025-04-05 6:40:28,38.13,54.64
2025-04-05 6:41:28,38.23,54.62
2025-04-05 6:42:28,37.94,52.54
2025-04-05 6:43:28,38.56,51.47
2025-04-05 6:44:28,37.7,50.31
2025-04-05 6:45:28,37.96,49.46
2025-04-05 6:46:28,37.35,48.97
2025-04-05 6:47:28,36.17,49.55
2025-04-05 6:48:28,36.48,50.95
2025-04-05 6:49:28,35.86,51.69
2025-04-05 6:50:28,37.45,52.67
2025-04-05 6:51:28,36.27,53.5
2025-04-05 6:52:28,37.37,53.7
2025-04-05 6:53:28,37.53,53.5
2025-04-05 6:54:28,37.1,53.84
2025-04-05 6:55:28,38.34,54.25
2025-04-05 6:56:28,38.19,52.58
2025-04-05 6:57:28,38.29,50.98
2025-04-05 6:58:28,38.3,49.61
2025-04-05 6:59:28,37.35,48.98
2025-04-05 7:00:28,37.59,48.58
2025-04-05 7:01:28,36.58,48.89
2025-04-05 7:02:28,36.13,50.21
2025-04-05 7:03:28,36.39,51.02
2025-04-05 7:04:28,36.02,52.17
2025-04-05 7:05:28,37.12,53.18
2025-04-05 7:06:28,36.7,53.81
2025-04-05 7:07:28,37.35,53.82
2025-04-05 7:08:28,36.77,54.27
2025-04-05 7:09:28,36.91,54.67
2025-04-05 7:10:28,38.67,53.81
2025-04-05 7:11:28,38.3,52.51
2025-04-05 7:12:28,37.53,50.84
2025-04-05 7:13:28,38.17,50
2025-04-05 7:14:28,37.66,49.38
2025-04-05 7:15:28,37.8,48.62
2025-04-05 7:16:28,36.91,48.53
2025-04-05 7:17:28,36.48,49.61
2025-04-05 7:18:28,36.4,50.74
2025-04-05 7:19:28,36.5,51.35
2025-04-05 7:20:28,37.04,52.56
2025-04-05 7:21:28,36.66,53.28
2025-04-05 7:22:28,37.24,53.6
2025-04-05 7:23:28,36.64,54.07
2025-04-05 7:24:28,37.51,53.59
2025-04-05 7:25:28,38.4,52.37
2025-04-05 7:26:28,38.07,50.76
2025-04-05 7:27:28,37.32,49.68
2025-04-05 7:28:28,37.78,48.86
2025-04-05 7:29:28,37.28,48.22
2025-04-05 7:30:28,37.3,47.95
2025-04-05 7:31:28,35.63,48.29
2025-04-05 7:32:28,36.19,49.43
2025-04-05 7:33:28,36.35,50.75
2025-04-05 7:34:28,36.19,51.58
2025-04-05 7:35:28,37.43,52.27
2025-04-05 7:36:28,37.45,52.4
2025-04-05 7:37:28,37.32,52.82
2025-04-05 7:38:28,36.91,53.82
2025-04-05 7:39:28,37.08,54.06
2025-04-05 7:40:28,37.61,54.44
2025-04-05 7:41:28,38.21,52.91
2025-04-05 7:42:28,38.42,51.92
2025-04-05 7:43:28,38.4,50.43
2025-04-05 7:44:28,37.98,49.6
2025-04-05 7:45:28,37.51,48.71
2025-04-05 7:46:28,37.24,48.4
2025-04-05 7:47:28,37.37,47.85
2025-04-05 7:48:28,37.08,47.69
2025-04-05 7:49:28,35.61,48.58
2025-04-05 7:50:28,35.9,49.77
2025-04-05 7:51:28,36.91,50.7
2025-04-05 7:52:28,36.95,51.15
2025-04-05 7:53:28,36.81,52.28
2025-04-05 7:54:28,36.79,52.8
2025-04-05 7:55:28,36.6,53.38
2025-04-05 7:56:28,37.43,53.7
2025-04-05 7:57:28,38.69,52.07
2025-04-05 7:58:28,38.27,50.83
2025-04-05 7:59:28,37.84,50.19
2025-04-05 8:00:28,37.41,49.2
2025-04-05 8:01:28,37.49,48.71
2025-04-05 8:02:28,37.7,48.1
2025-04-05 8:03:28,37.55,47.62
2025-04-05 8:04:28,36.83,47.2
2025-04-05 8:05:28,37.47,46.71
2025-04-05 8:06:28,36.54,46.96
2025-04-05 8:07:28,36.81,48.36
2025-04-05 8:08:28,35.67,49.98
2025-04-05 8:09:28,36.09,50.86
2025-04-05 8:10:28,36.87,51.62
2025-04-05 8:11:28,36.93,52.65
2025-04-05 8:12:28,37.94,52.84
2025-04-05 8:13:28,38.27,51.77
2025-04-05 8:14:28,38.13,50.32
2025-04-05 8:15:28,38.29,49.25
2025-04-05 8:16:28,37.76,48.59
2025-04-05 8:17:28,37.8,48.09
2025-04-05 8:18:28,37.51,47.58
2025-04-05 8:19:28,36.97,47.2
2025-04-05 8:20:28,37.32,46.87
2025-04-05 8:21:28,36.89,46.59
2025-04-05 8:22:28,37.1,46.6
2025-04-05 8:23:28,36.09,47.21
2025-04-05 8:24:28,36.46,48.55
2025-04-05 8:25:28,36.64,49.82
2025-04-05 8:26:28,36.37,50.37
2025-04-05 8:27:28,37.26,51.2
2025-04-05 8:28:28,38.34,51.31
2025-04-05 8:29:28,38.52,50.51
2025-04-05 8:30:28,38.36,49.69
2025-04-05 8:31:28,37.66,48.84
2025-04-05 8:32:28,37.74,47.85
2025-04-05 8:33:28,37.78,47.31
2025-04-05 8:34:28,37.51,47.03
2025-04-05 8:35:28,37.06,46.82
2025-04-05 8:36:28,36.37,46.72
2025-04-05 8:37:28,36.93,46.39
2025-04-05 8:38:28,37.01,46.18
2025-04-05 8:39:28,36.27,46.65
2025-04-05 8:40:28,36.89,48.31
2025-04-05 8:41:28,36.81,49.37
2025-04-05 8:42:28,36.87,49.78
2025-04-05 8:43:28,37.34,49.84
2025-04-05 8:44:28,37.39,50.69
2025-04-05 8:45:28,38.34,49.83
2025-04-05 8:46:28,37.7,48.91
2025-04-05 8:47:28,37.92,48.4
2025-04-05 8:48:28,37.22,47.56
2025-04-05 8:49:28,37.59,46.99
2025-04-05 8:50:28,37.16,46.66
2025-04-05 8:51:28,36.91,46.47
2025-04-05 8:52:28,36.91,46.57
2025-04-05 8:53:28,36.11,46.33
2025-04-05 8:54:28,36.73,45.96
2025-04-05 8:55:28,37.01,46.07
2025-04-05 8:56:28,36.23,46.17
2025-04-05 8:57:28,36.79,46.44
2025-04-05 8:58:28,36.19,46.48
2025-04-05 8:59:28,36.85,46.33
2025-04-05 9:00:28,37.06,46.26
2025-04-05 9:01:28,36.99,46.21
2025-04-05 9:02:28,37.02,46.06
2025-04-05 9:03:28,36.4,46.06
2025-04-05 9:04:28,36.77,46.1
2025-04-05 9:05:28,37.12,45.99
2025-04-05 9:06:28,36.64,45.85
2025-04-05 9:07:28,36.99,45.75
2025-04-05 9:08:28,36.4,45.76
2025-04-05 9:09:28,36.62,45.78
2025-04-05 9:10:28,36.95,45.77
2025-04-05 9:11:28,35.45,45.82
2025-04-05 9:12:28,36.11,47.48
2025-04-05 9:13:28,36.73,48.48
2025-04-05 9:14:28,36.58,49.44
2025-04-05 9:15:28,37.78,48.76
2025-04-05 9:16:28,37.47,47.82
2025-04-05 9:17:28,37.53,47.23
2025-04-05 9:18:28,36.35,46.68
2025-04-05 9:19:28,36.93,46.29
2025-04-05 9:20:28,37.04,46.2
2025-04-05 9:21:28,36.93,45.61
2025-04-05 9:22:28,36.73,45.24
2025-04-05 9:23:28,36.37,44.94
2025-04-05 9:24:28,36.54,44.49
2025-04-05 9:25:28,36.39,44.36
2025-04-05 9:26:28,34.14,44.64
2025-04-05 9:27:28,32.97,46.47
2025-04-05 9:28:28,32.47,47.36
2025-04-05 9:29:28,31.89,48.16
2025-04-05 9:30:28,32.02,48.61
2025-04-05 9:31:28,31.96,49.33
2025-04-05 9:32:28,32.08,50
2025-04-05 9:33:28,32.35,50.37
2025-04-05 9:34:28,32.2,50.74
2025-04-05 9:35:28,32.7,50.71
2025-04-05 9:36:28,32.1,50.84
2025-04-05 9:37:28,32.82,51.14
2025-04-05 9:38:28,32.6,51.24
2025-04-05 9:39:28,33.26,51.26
2025-04-05 9:40:28,32.7,51.24
2025-04-05 9:41:28,33.24,51.39
2025-04-05 9:42:28,33.63,51.37
2025-04-05 9:43:28,33.26,51.65
2025-04-05 9:44:28,33.13,51.6
2025-04-05 9:45:28,33.07,51.62
2025-04-05 9:46:28,33.2,51.4
2025-04-05 9:47:28,33.38,51.57
2025-04-05 9:48:28,33.26,51.74
2025-04-05 9:49:28,33.22,51.49
2025-04-05 9:50:28,33.38,51.52
2025-04-05 9:51:28,33.36,51.31
2025-04-05 9:52:28,32.89,51.42
2025-04-05 9:53:28,32.99,51.47
2025-04-05 9:54:28,32.89,51.56
2025-04-05 9:55:28,32.62,51.35
2025-04-05 9:56:28,32.84,51.17
2025-04-05 9:57:28,33.46,51.21
2025-04-05 9:58:28,33.2,50.85
2025-04-05 9:59:28,33.34,50.99
2025-04-05 10:00:28,33.15,51.08
2025-04-05 10:01:28,33.53,51.16
2025-04-05 10:02:28,33.79,51.22
2025-04-05 10:03:28,33.9,51.01
2025-04-05 10:04:28,33.36,51.16
2025-04-05 10:05:28,33.22,51.15
2025-04-05 10:06:28,33.69,51.18
2025-04-05 10:07:28,33.59,50.97
2025-04-05 10:08:28,33.81,50.75
2025-04-05 10:09:28,33.59,50.92
2025-04-05 10:10:28,33.4,50.96
2025-04-05 10:11:28,33.09,50.98
2025-04-05 10:12:28,32.91,50.99
2025-04-05 10:13:28,32.72,50.79
2025-04-05 10:14:28,32.89,51.03
2025-04-05 10:15:28,32.97,51.09
2025-04-05 10:16:28,33.26,51.1
2025-04-05 10:17:28,33.53,50.85
2025-04-05 10:18:28,32.86,50.25
2025-04-05 10:19:28,33.32,50.48
2025-04-05 10:20:28,33.3,50.28
2025-04-05 10:21:28,32.93,50.46
2025-04-05 10:22:28,32.74,50.34
2025-04-05 10:23:28,32.14,50.1
2025-04-05 10:24:28,32.8,50.34
2025-04-05 10:25:28,32.99,50.07
2025-04-05 10:26:28,32.43,50.29
2025-04-05 10:27:28,32.43,50.22
2025-04-05 10:28:28,31.93,50.1
2025-04-05 10:29:28,32.58,49.97
2025-04-05 10:30:28,32.49,49.91
2025-04-05 10:31:28,32.41,49.83
2025-04-05 10:32:28,32.2,49.62
2025-04-05 10:33:28,31.98,49.93
2025-04-05 10:34:28,31.56,49.81
2025-04-05 10:35:28,31.85,49.77
2025-04-05 10:36:28,32.68,49.82
2025-04-05 10:37:28,32.58,49.8
2025-04-05 10:38:28,32.66,49.65
2025-04-05 10:39:28,32.41,49.51
2025-04-05 10:40:28,32,49.38
2025-04-05 10:41:28,32.76,49.47
2025-04-05 10:42:28,32.82,49.64
2025-04-05 10:43:28,32.62,49.48
2025-04-05 10:44:28,32.08,49.19
2025-04-05 10:45:28,32.24,49.1
2025-04-05 10:46:28,32.43,49.12
2025-04-05 10:47:28,32.76,49.19
2025-04-05 10:48:28,32.08,49.28
2025-04-05 10:49:28,32.08,49.06
2025-04-05 10:50:28,31.93,48.98
2025-04-05 10:51:28,32.2,49.19
2025-04-05 10:52:28,32.39,49.44
2025-04-05 10:53:28,31.91,49.57
2025-04-05 10:54:28,31.83,49.33
2025-04-05 10:55:29,32.1,49.29
2025-04-05 10:56:29,32.51,49.28
2025-04-05 10:57:29,32.47,49.27
2025-04-05 10:58:29,32.18,49.11
2025-04-05 10:59:29,32.08,49.33
2025-04-05 11:00:29,32.64,49.41
2025-04-05 11:01:29,32.45,49.26
2025-04-05 11:02:29,32.8,49.56
2025-04-05 11:03:29,32.43,49.51
2025-04-05 11:04:29,32.43,49.6
2025-04-05 11:05:29,32.72,49.33
2025-04-05 11:06:29,32.99,49.5
2025-04-05 11:07:29,32.72,49.58
2025-04-05 11:08:29,32.47,49.65
2025-04-05 11:09:29,31.98,49.52
2025-04-05 11:10:29,33.03,49.29
2025-04-05 11:11:29,32.57,49.76
2025-04-05 11:12:29,32.91,49.55
2025-04-05 11:13:29,33.5,49.5
2025-04-05 11:14:29,32.57,49.25
2025-04-05 11:15:29,32.39,50.9
2025-04-05 11:16:29,32.58,50.62
2025-04-05 11:17:29,33.11,50.44
2025-04-05 11:18:29,32.84,50.1
2025-04-05 11:19:29,32.39,49.82
2025-04-05 11:20:29,32.88,49.84
2025-04-05 11:21:29,33.75,49.84
2025-04-05 11:22:29,33.11,49.7
2025-04-05 11:23:29,32.68,49.75
2025-04-05 11:24:29,32.68,49.66
2025-04-05 11:25:29,32.74,49.72
2025-04-05 11:26:29,32.66,50.42
2025-04-05 11:27:29,33.03,50.63
2025-04-05 11:28:29,32.78,50.37
2025-04-05 11:29:29,32.49,50.37
2025-04-05 11:30:29,33.07,50.19
2025-04-05 11:31:29,32.82,50.1
2025-04-05 11:32:29,32.68,50.18
2025-04-05 11:33:29,32.76,50.16
2025-04-05 11:34:29,32.88,50.18
2025-04-05 11:35:29,33.24,49.7
2025-04-05 11:36:29,33.13,49.72
2025-04-05 11:37:29,32.88,49.87
2025-04-05 11:38:29,32.16,50.28
2025-04-05 11:39:29,32.35,50.37
2025-04-05 11:40:29,32.45,50.32
2025-04-05 11:41:29,33.15,50.3
2025-04-05 11:42:29,32.55,50.18
2025-04-05 11:43:29,32.55,50.14
2025-04-05 11:44:29,31.81,49.6
2025-04-05 11:45:29,32.24,49.5
2025-04-05 11:46:29,32.47,49.34
2025-04-05 11:47:29,31.58,49.23
2025-04-05 11:48:29,31.96,49.26
2025-04-05 11:49:29,31.83,49.13
2025-04-05 11:50:29,31.93,48.81
2025-04-05 11:51:29,31.38,48.35
2025-04-05 11:52:29,31.98,48.71
2025-04-05 11:53:29,32.04,48.33
2025-04-05 11:54:29,31.98,48.15
2025-04-05 11:55:29,32.16,48.95
2025-04-05 11:56:29,32.25,48.7
2025-04-05 11:57:29,32.43,49.06
2025-04-05 11:58:29,32.78,48.89
2025-04-05 11:59:29,32.31,48.44
2025-04-05 12:00:29,31.91,48.1
2025-04-05 12:01:29,31.75,47.79
2025-04-05 12:02:29,31.87,47.88
2025-04-05 12:03:29,32.62,47.9
2025-04-05 12:04:29,32.24,47.49
2025-04-05 12:05:29,31.85,47.25
2025-04-05 12:06:29,31.03,47.3
2025-04-05 12:07:29,31.71,47.44
2025-04-05 12:08:29,32.12,47.13
2025-04-05 12:09:29,31.93,47.1
2025-04-05 12:10:29,31.58,46.94
2025-04-05 12:11:29,31.25,46.7
2025-04-05 12:12:29,31.69,46.45
2025-04-05 12:13:29,32.27,46.27
2025-04-05 12:14:29,31.96,46.05
2025-04-05 12:15:29,31.32,46.02
2025-04-05 12:16:29,31.17,45.9
2025-04-05 12:17:29,31.6,45.84
2025-04-05 12:18:29,32.18,45.84
2025-04-05 12:19:29,32,45.86
2025-04-05 12:20:29,31.83,45.96
2025-04-05 12:21:29,31.69,45.79
2025-04-05 12:22:29,31.5,45.53
2025-04-05 12:23:29,32.39,45.77
2025-04-05 12:24:29,32.51,45.91
2025-04-05 12:25:29,32.24,45.83
2025-04-05 12:26:29,31.56,45.82
2025-04-05 12:27:29,31.3,45.79
2025-04-05 12:28:29,32.29,45.7
2025-04-05 12:29:29,32.24,45.65
2025-04-05 12:30:29,32.45,45.85
2025-04-05 12:31:29,32.45,45.63
2025-04-05 12:32:29,32.93,45.89
2025-04-05 12:33:29,33.01,46.5
2025-04-05 12:34:29,34.06,48.01
2025-04-05 12:35:29,34.27,51.14
2025-04-05 12:36:29,33.88,51.4
2025-04-05 12:37:29,33.67,50.75
2025-04-05 12:38:29,33.71,51.25
2025-04-05 12:39:29,32.6,51.6
2025-04-05 12:40:29,32.7,51.93
2025-04-05 12:41:29,32.22,51.43
2025-04-05 12:42:29,32.72,50.54
2025-04-05 12:43:29,33.03,50.01
2025-04-05 12:44:29,33.07,49.68
2025-04-05 12:45:29,32.76,49.12
2025-04-05 12:46:29,32.53,48.56
2025-04-05 12:47:29,32.43,48.07
2025-04-05 12:48:29,33.34,47.86
2025-04-05 12:49:29,33.57,47.62
2025-04-05 12:50:29,33.5,47.39
2025-04-05 12:51:29,32.99,46.89
2025-04-05 12:52:29,33.03,46.74
2025-04-05 12:53:29,33.77,46.79
2025-04-05 12:54:29,33.57,47.11
2025-04-05 12:55:29,33.34,46.91
2025-04-05 12:56:29,33.38,46.84
2025-04-05 12:57:29,32.58,46.92
2025-04-05 12:58:29,33.52,46.75
2025-04-05 12:59:29,33.73,46.54
2025-04-05 13:00:29,33.32,46.47
2025-04-05 13:01:29,32.66,46.04
2025-04-05 13:02:29,33.01,45.83
2025-04-05 13:03:29,33.86,46.07
2025-04-05 13:04:29,34.29,45.96
2025-04-05 13:05:29,33.73,45.94
2025-04-05 13:06:29,33.05,45.79
2025-04-05 13:07:29,33.03,45.72
2025-04-05 13:08:29,34.06,46.06
2025-04-05 13:09:29,34.72,48.99
2025-04-05 13:10:29,35.67,51.39
2025-04-05 13:11:29,35.45,52.13
2025-04-05 13:12:29,34.91,51.68
2025-04-05 13:13:29,35.14,51.23
2025-04-05 13:14:29,34.95,51.05
2025-04-05 13:15:29,34.08,51.19
2025-04-05 13:16:29,34.06,50.43
2025-04-05 13:17:29,33.83,50.18
2025-04-05 13:18:29,34.83,49.9
2025-04-05 13:19:29,34.89,49.24
2025-04-05 13:20:29,34.5,49.17
2025-04-05 13:21:29,34.33,48.76
2025-04-05 13:22:29,34.06,48.17
2025-04-05 13:23:29,34.12,48.17
2025-04-05 13:24:29,34.31,48.15
2025-04-05 13:26:09,33.2,53.63
2025-04-05 13:27:06,34.35,52.97
2025-04-05 13:28:06,35.14,54.03
2025-04-05 13:29:06,34.48,54.33
2025-04-05 13:30:06,35.55,54.77
2025-04-05 13:31:06,34.45,55.04
2025-04-05 13:32:06,35.51,54.76
2025-04-05 13:33:06,35.03,55.35
2025-04-05 13:34:06,34.8,55.6
2025-04-05 13:35:06,35.42,55.74
2025-04-05 13:36:06,33.24,54.63
2025-04-05 13:37:06,34.33,54.12
2025-04-05 13:38:06,32.88,52.77
2025-04-05 13:39:06,33.13,51.95
2025-04-05 13:40:06,33.48,51.4
2025-04-05 13:41:06,32.1,49.97
2025-04-05 13:42:06,32.97,49.54
2025-04-05 13:43:06,33.3,49.15
2025-04-05 13:44:06,34.02,48.23
2025-04-05 13:45:06,33.34,47.59
2025-04-05 13:46:06,33.17,47.5
2025-04-05 13:47:06,32.6,47.19
2025-04-05 13:48:06,31.79,46.6
2025-04-05 13:49:06,33.28,46.74
2025-04-05 13:50:06,32.16,46.43
2025-04-05 13:51:06,33.75,46.73
2025-04-05 13:52:06,32.25,46.55
2025-04-05 13:53:06,31.81,46.26
2025-04-05 13:54:06,33.48,46.78
2025-04-05 13:55:06,32.57,46.45
2025-04-05 13:56:06,33.4,46.69
2025-04-05 13:57:06,32.97,46.51
2025-04-05 13:58:06,31.81,45.96
2025-04-05 13:59:06,33.44,45.86
2025-04-05 14:00:06,32.66,45.93
2025-04-05 14:01:06,32.74,46.18
2025-04-05 14:02:06,32.88,46.35
2025-04-05 14:03:06,31.5,46
2025-04-05 14:04:06,33.42,46.22
2025-04-05 14:05:06,32.91,46.21
2025-04-05 14:06:06,32.43,46.04
2025-04-05 14:07:06,32.88,46.34
2025-04-05 14:08:06,31.6,46.04
2025-04-05 14:09:06,32.91,46.6
2025-04-05 14:10:06,31.81,46.72
2025-04-05 14:11:06,33.4,47.14
2025-04-05 14:12:06,32.47,46.78
2025-04-05 14:13:06,31.27,46.34
2025-04-05 14:14:06,33.98,46.56
2025-04-05 14:15:06,33.22,45.93
2025-04-05 14:16:06,33.46,45.94
2025-04-05 14:17:06,33.22,45.63
2025-04-05 14:18:06,31.79,45.42
2025-04-05 14:19:06,34.29,45.71
2025-04-05 14:20:06,33.83,45.84
2025-04-05 14:21:06,33.07,46.03
2025-04-05 14:22:06,32.72,46.14
2025-04-05 14:23:06,31.48,45.7
2025-04-05 14:24:06,33.4,45.97
2025-04-05 14:25:06,32.86,46.05
2025-04-05 14:26:06,33.11,46.2
2025-04-05 14:27:06,32.51,46.29
2025-04-05 14:28:06,31.46,46.45
2025-04-05 14:29:06,34.04,46.38
2025-04-05 14:30:06,32.76,46.4
2025-04-05 14:31:06,33.67,46.37
2025-04-05 14:32:06,32.27,46.19
2025-04-05 14:33:06,31.63,46.11
2025-04-05 14:34:06,33.55,46.47
2025-04-05 14:35:06,32.18,46.22
2025-04-05 14:36:06,33.5,46.23
2025-04-05 14:37:06,32.08,45.95
2025-04-05 14:38:06,31.58,45.63
2025-04-05 14:39:06,32.97,46.19
2025-04-05 14:40:06,32.51,46.44
2025-04-05 14:41:06,32.84,46.49
2025-04-05 14:42:06,32.51,46.45
2025-04-05 14:43:06,33.15,46.43
2025-04-05 14:44:06,32.12,45.78
2025-04-05 14:45:06,32.04,45.53
2025-04-05 14:46:06,33.22,45.77
2025-04-05 14:47:06,32.49,45.8
2025-04-05 14:48:06,33.15,46.12
2025-04-05 14:49:06,31.93,45.69
2025-04-05 14:50:06,32.45,45.82
2025-04-05 14:51:06,32.39,46.07
2025-04-05 14:52:06,33.32,46
2025-04-05 14:53:06,32.41,46.06
2025-04-05 14:54:06,31.61,45.73
2025-04-05 14:55:06,33.03,46.26
2025-04-05 14:56:06,32.97,46
2025-04-05 14:57:06,32.7,45.92
2025-04-05 14:58:06,32.41,46.11
2025-04-05 14:59:06,31.36,45.89
2025-04-05 15:00:06,33.84,45.99
2025-04-05 15:01:06,32.84,45.8
2025-04-05 15:02:06,32.97,45.72
2025-04-05 15:03:06,33.17,45.71
2025-04-05 15:04:06,31.75,45.17
2025-04-05 15:05:06,32.89,45.77
2025-04-05 15:06:06,31.77,45.33
2025-04-05 15:07:06,33.88,45.61
2025-04-05 15:08:06,33.15,45.64
2025-04-05 15:09:06,33.3,45.7
2025-04-05 15:10:06,32.74,45.93
2025-04-05 15:11:06,31.89,45.53
2025-04-05 15:12:06,33.77,45.79
2025-04-05 15:13:06,33.07,45.69
2025-04-05 15:14:06,33.4,46.21
2025-04-05 15:15:06,31.96,46.51
2025-04-05 15:16:06,31.69,46.24
2025-04-05 15:17:06,34.16,46.56
2025-04-05 15:18:06,32.31,46.18
2025-04-05 15:19:06,33.34,46.23
2025-04-05 15:20:06,32.08,45.92
2025-04-05 15:21:06,31.81,45.9
2025-04-05 15:22:06,33.98,46.22
2025-04-05 15:23:06,33.05,46.26
2025-04-05 15:24:06,32.88,46.33
2025-04-05 15:25:06,32.91,46.31
2025-04-05 15:26:06,31.61,45.61
2025-04-05 15:27:06,33.52,45.94
2025-04-05 15:28:06,32.39,45.97
2025-04-05 15:29:06,32.93,45.91
2025-04-05 15:30:06,32.43,45.99
2025-04-05 15:31:06,31.67,45.24
2025-04-05 15:32:06,33.11,45.84
2025-04-05 15:33:06,32.31,45.84
2025-04-05 15:34:06,33.11,45.84
2025-04-05 15:35:06,32.76,45.77
2025-04-05 15:36:06,31.44,45.21
2025-04-05 15:37:06,33.81,45.3
2025-04-05 15:38:06,32.68,45.58
2025-04-05 15:39:06,33.13,45.72
2025-04-05 15:40:06,32.45,45.66
2025-04-05 15:41:06,32.2,45.64
2025-04-05 15:42:06,33.38,46.04
2025-04-05 15:43:06,32.33,46.36
2025-04-05 15:44:06,33.15,47.09
2025-04-05 15:45:06,32.99,47.31
2025-04-05 15:46:06,31.38,47.14
2025-04-05 15:47:06,32.62,47.4
2025-04-05 15:48:06,32.68,47.61
2025-04-05 15:49:06,32.2,47.43
2025-04-05 15:50:06,32.99,47.45
2025-04-05 15:51:06,31.58,47.05
2025-04-05 15:52:06,32.29,46.61
2025-04-05 15:53:06,33.48,46.41
2025-04-05 15:54:06,32.58,46.13
2025-04-05 15:55:06,33.13,46.16
2025-04-05 15:56:06,31.67,46.27
2025-04-05 15:57:06,32.49,46.06
2025-04-05 15:58:06,33.24,46.26
2025-04-05 15:59:06,32.97,46.64
2025-04-05 16:00:06,32.7,46.89
2025-04-05 16:01:06,32.45,46.66
2025-04-05 16:02:06,33.24,46.79
2025-04-05 16:03:06,31.98,46.62
2025-04-05 16:04:06,31.91,47.06
2025-04-05 16:05:06,32.91,47.31
2025-04-05 16:06:06,32.43,46.62
2025-04-05 16:07:06,33.13,46.57
2025-04-05 16:08:06,32.76,46.44
2025-04-05 16:09:06,33.52,46.37
2025-04-05 16:10:06,32.41,46.05
2025-04-05 16:11:06,32.45,45.86
2025-04-05 16:12:06,33.59,46.13
2025-04-05 16:13:06,31.94,45.85
2025-04-05 16:14:06,33.19,46.12
2025-04-05 16:15:06,31.91,45.86
2025-04-05 16:16:06,32.41,45.68
2025-04-05 16:17:06,33.01,46.18
2025-04-05 16:18:06,32.57,45.79
2025-04-05 16:19:06,32.6,45.86
2025-04-05 16:20:06,31.69,45.61
2025-04-05 16:21:06,32.86,46.11
2025-04-05 16:22:06,32.39,46.16
2025-04-05 16:23:06,32.86,46.67
2025-04-05 16:24:06,32.51,47.02
2025-04-05 16:25:06,32.16,47.23
2025-04-05 16:26:06,31.81,47.03
2025-04-05 16:27:06,33.13,47.31
2025-04-05 16:28:06,33.05,46.91
2025-04-05 16:29:06,33.01,46.86
2025-04-05 16:30:06,31.15,46.67
2025-04-05 16:31:06,32.27,46.67
2025-04-05 16:32:06,32.62,46.63
2025-04-05 16:33:06,32.43,46.47
2025-04-05 16:34:06,32.82,46.41
2025-04-05 16:35:06,30.99,46.21
2025-04-05 16:36:06,32.31,46.41
2025-04-05 16:37:06,32.57,46.29
2025-04-05 16:38:06,32.82,46.39
2025-04-05 16:39:06,32.68,46.21
2025-04-05 16:40:06,31.11,45.77
2025-04-05 16:41:06,32.53,45.79
2025-04-05 16:43:06,32.29,45.83
2025-04-05 16:42:06,32.49,45.81
2025-04-05 16:44:06,32.97,45.98
2025-04-05 16:45:06,31.56,45.62
2025-04-05 16:46:06,31.48,45.81
2025-04-05 16:47:06,33.19,46.16
2025-04-05 16:48:06,32.43,45.92
2025-04-05 16:49:06,32.6,45.97
2025-04-05 16:50:06,31.36,45.94
2025-04-05 16:51:06,32.33,46.11
2025-04-05 16:52:06,33.01,46.26
2025-04-05 16:53:06,31.83,46.4
2025-04-05 16:54:06,32.84,47.02
2025-04-05 16:55:06,31.93,47.09
2025-04-05 16:56:06,32.1,47.51
2025-04-05 16:57:06,33.22,48.14
2025-04-05 16:58:06,31.96,47.93
2025-04-05 16:59:06,32.82,48.36
2025-04-05 17:00:06,31.23,47.84
2025-04-05 17:01:06,32.8,48.11
2025-04-05 17:02:06,33.65,47.94
2025-04-05 17:03:06,32.18,47.4
2025-04-05 17:04:06,32.74,47.68
2025-04-05 17:05:06,31.79,47.47
2025-04-05 17:06:06,32.31,48.02
2025-04-05 17:07:06,33.09,48.59
2025-04-05 17:08:06,31.81,48.45
2025-04-05 17:09:06,32.88,48.43
2025-04-05 17:10:06,31.69,47.9
2025-04-05 17:11:06,32.02,47.9
2025-04-05 17:12:06,33.22,48.02
2025-04-05 17:13:06,32.14,47.66
2025-04-05 17:14:06,32.43,47.97
2025-04-05 17:15:06,31.29,47.67
2025-04-05 17:16:06,32.64,47.76
2025-04-05 17:17:06,32.49,47.98
2025-04-05 17:18:06,32.22,48.2
2025-04-05 17:19:06,32.53,48.42
2025-04-05 17:20:06,30.92,47.69
2025-04-05 17:21:06,32.39,48.12
2025-04-05 17:22:06,32.93,48.42
2025-04-05 17:23:06,31.79,48.11
2025-04-05 17:24:06,32.51,48.41
2025-04-05 17:25:06,32.29,48.16
2025-04-05 17:26:06,32.8,47.97
2025-04-05 17:27:06,30.65,47.25
2025-04-05 17:28:06,32.58,47.52
2025-04-05 17:29:06,31.46,47.31
2025-04-05 17:30:06,32.78,47.35
2025-04-05 17:31:06,31.17,47.44
2025-04-05 17:32:06,31.32,47.17
2025-04-05 17:33:06,32.68,47.2
2025-04-05 17:34:06,31.69,46.96
2025-04-05 17:35:06,32.91,47.02
2025-04-05 17:36:06,31.21,47.03
2025-04-05 17:37:06,31.67,47.18
2025-04-05 17:38:06,32.57,47.59
2025-04-05 17:39:06,31.34,47.63
2025-04-05 17:40:06,32.47,48.17
2025-04-05 17:41:06,31.73,47.97
2025-04-05 17:42:06,31.58,47.78
2025-04-05 17:43:06,32.49,47.89
2025-04-05 17:44:06,32.1,47.52
2025-04-05 17:45:06,32.84,47.52
2025-04-05 17:46:06,31.25,47.23
2025-04-05 17:47:06,31.73,47
2025-04-05 17:48:06,32.2,47.02
2025-04-05 17:49:06,31.52,46.95
2025-04-05 17:50:06,32.47,47.24
2025-04-05 17:51:06,30.84,46.9
2025-04-05 17:52:06,32.16,47.27
2025-04-05 17:53:06,31.96,47.26
2025-04-05 17:54:06,31.58,47.03
2025-04-05 17:55:06,32.41,47.29
2025-04-05 17:56:06,30.88,46.85
2025-04-05 17:57:06,31.79,46.87
2025-04-05 17:58:06,32.78,47.11
2025-04-05 17:59:06,31.73,46.78
2025-04-05 18:00:06,32.62,46.95
2025-04-05 18:01:06,31.3,46.93
2025-04-05 18:02:06,32.02,46.71
2025-04-05 18:03:06,32.35,47.07
2025-04-05 18:04:06,31.36,47.1
2025-04-05 18:05:06,32.72,47.86
2025-04-05 18:06:06,31.46,48.02
2025-04-05 18:07:06,31.63,47.78
2025-04-05 18:08:06,32.43,48.23
2025-04-05 18:09:06,31.48,48.19
2025-04-05 18:10:06,32.8,48.78
2025-04-05 18:11:06,30.8,48.68
2025-04-05 18:12:06,31.5,49.01
2025-04-05 18:13:06,32.14,49.49
2025-04-05 18:14:06,31.6,49.1
2025-04-05 18:15:06,32.58,49.1
2025-04-05 18:16:06,31.34,48.4
2025-04-05 18:17:06,32.72,48.42
2025-04-05 18:18:06,31.93,48.42
2025-04-05 18:19:06,31.73,48.24
2025-04-05 18:20:06,32.62,48.48
2025-04-05 18:21:06,31.13,47.91
2025-04-05 18:22:06,32.62,47.8
2025-04-05 18:23:06,32.24,48.04
2025-04-05 18:24:06,31.5,48.03
2025-04-05 18:25:06,32.29,48.38
2025-04-05 18:26:06,31.32,48.03
2025-04-05 18:27:06,31.75,47.92
2025-04-05 18:28:06,32.47,48.12
2025-04-05 18:29:06,31.83,48.09
2025-04-05 18:30:06,32.82,47.85
2025-04-05 18:31:06,31.96,47.96
2025-04-05 18:32:06,31.17,47.84
2025-04-05 18:33:06,32.66,48.19
2025-04-05 18:34:06,31.79,48.16
2025-04-05 18:35:06,32.62,48.32
2025-04-05 18:36:06,31.93,48.31
2025-04-05 18:37:06,31.36,47.98
2025-04-05 18:38:06,32.66,48.55
2025-04-05 18:39:06,31.52,48.72
2025-04-05 18:40:06,32.72,49.22
2025-04-05 18:41:06,31.91,49.49
2025-04-05 18:42:06,31.85,49.62
2025-04-05 18:43:06,32.7,50.08
2025-04-05 18:44:06,31.91,49.86
2025-04-05 18:45:06,32.74,50.33
2025-04-05 18:46:06,31.6,50.04
2025-04-05 18:47:06,32.53,50.21
2025-04-05 18:48:06,32.72,50.38
2025-04-05 18:49:06,31.89,50.12
2025-04-05 18:50:06,32.78,50.27
2025-04-05 18:51:06,31.89,49.96
2025-04-05 18:52:06,31.87,49.79
2025-04-05 18:53:06,32.99,49.99
2025-04-05 18:54:06,31.77,49.84
2025-04-05 18:55:06,33.13,49.96
2025-04-05 18:56:06,32.37,49.77
2025-04-05 18:57:06,30.94,49.28
2025-04-05 18:58:06,32.97,49.65
2025-04-05 18:59:06,32,49.35
2025-04-05 19:00:06,32.93,49.69
2025-04-05 19:01:06,32.02,49.95
2025-04-05 19:02:06,31.15,49.79
2025-04-05 19:03:06,32.27,50.08
2025-04-05 19:04:06,31.52,49.88
2025-04-05 19:05:06,32.58,50.25
2025-04-05 19:06:06,31.98,49.88
2025-04-05 19:07:06,30.68,49.77
2025-04-05 19:08:06,32.64,49.97
2025-04-05 19:09:06,31.91,49.85
2025-04-05 19:10:06,32.1,49.89
2025-04-05 19:11:06,32.74,50.11
2025-04-05 19:12:06,31.25,49.98
2025-04-05 19:13:06,32.04,49.78
2025-04-05 19:14:06,32.64,49.94
2025-04-05 19:15:06,31.6,49.59
2025-04-05 19:16:06,32.49,50.04
2025-04-05 19:17:06,31.5,49.84
2025-04-05 19:18:06,32.66,49.71
2025-04-05 19:19:06,32.93,49.79
2025-04-05 19:20:06,31.98,49.57
2025-04-05 19:21:06,32.99,50.39
2025-04-05 19:22:06,32.33,50.28
2025-04-05 19:23:06,31.52,50.12
2025-04-05 19:24:06,32.57,50.55
2025-04-05 19:25:06,31.71,50.69
2025-04-05 19:26:06,32.88,51.14
2025-04-05 19:27:06,32.18,50.93
2025-04-05 19:28:06,32.06,50.54
2025-04-05 19:29:06,32.04,50.92
2025-04-05 19:30:06,31.69,50.93
2025-04-05 19:31:06,32.7,51.19
2025-04-05 19:32:06,31.44,50.95
2025-04-05 19:33:06,32.33,50.77
2025-04-05 19:34:06,32.24,50.78
2025-04-05 19:35:06,32.06,50.45
2025-04-05 19:36:06,32.7,50.93
2025-04-05 19:37:06,31.77,50.68
2025-04-05 19:38:06,32.2,50.57
2025-04-05 19:39:06,32.84,50.9
2025-04-05 19:40:06,31.73,50.91
2025-04-05 19:41:06,33.13,51.32
2025-04-05 19:42:06,31.77,51.54
2025-04-05 19:43:06,32.68,51.92
2025-04-05 19:44:06,32.66,52.02
2025-04-05 19:45:06,32.33,51.74
2025-04-05 19:46:06,33.2,51.96
2025-04-05 19:47:06,31.85,51.75
2025-04-05 19:48:06,33.26,52.11
2025-04-05 19:49:06,32.29,52.07
2025-04-05 19:50:06,32.08,52.12
2025-04-05 19:51:06,33.26,52.3
2025-04-05 19:52:06,32.39,51.86
2025-04-05 19:53:06,32.04,51.71
2025-04-05 19:54:06,32.82,52.5
2025-04-05 19:55:06,31.93,52.42
2025-04-05 19:56:06,33.03,52.77
2025-04-05 19:57:06,31.83,52.15
2025-04-05 19:58:06,32.7,52.06
2025-04-05 19:59:06,32.76,51.91
2025-04-05 20:00:06,32.22,51.52
2025-04-05 20:01:06,32.95,51.77
2025-04-05 20:02:06,31.71,51.46
2025-04-05 20:03:06,32.8,51.44
2025-04-05 20:04:06,32.66,51.27
2025-04-05 20:05:06,32.29,51.11
2025-04-05 20:06:06,32.8,51.16
2025-04-05 20:07:06,31.91,50.95
2025-04-05 20:08:06,33.11,50.98
2025-04-05 20:09:06,32.24,51
2025-04-05 20:10:06,32.58,51.11
2025-04-05 20:11:06,32.45,51.38
2025-04-05 20:12:06,31.34,51.42
2025-04-05 20:13:06,32.8,51.89
2025-04-05 20:14:06,32.06,52.03
2025-04-05 20:15:06,32.33,51.96
2025-04-05 20:16:06,32.72,52.23
2025-04-05 20:17:06,31.44,52.03
2025-04-05 20:18:06,33.09,52.01
2025-04-05 20:19:06,32.66,51.9
2025-04-05 20:20:06,32.22,51.69
2025-04-05 20:21:06,33.2,52.02
2025-04-05 20:22:06,32.25,52.07
2025-04-05 20:23:06,33.05,51.87
2025-04-05 20:24:06,33.03,52.45
2025-04-05 20:25:06,32.51,52.21
2025-04-05 20:26:06,33.48,52.34
2025-04-05 20:27:06,32.18,52.23
2025-04-05 20:28:06,32.14,51.94
2025-04-05 20:29:06,32.97,52.09
2025-04-05 20:30:06,31.94,51.76
2025-04-05 20:31:06,33.36,52.18
2025-04-05 20:32:06,32.04,52.2
2025-04-05 20:33:06,32.89,52.36
2025-04-05 20:34:06,32.74,52.54
2025-04-05 20:35:06,32.43,52.71
2025-04-05 20:36:06,33.09,53.03
2025-04-05 20:37:06,32,52.63
2025-04-05 20:38:06,32.74,52.82
2025-04-05 20:39:06,32.72,53.08
2025-04-05 20:40:06,32.76,53.28
2025-04-05 20:41:06,33.05,53.93
2025-04-05 20:42:06,32.27,53.51
2025-04-05 20:43:06,33.94,53.76
2025-04-05 20:44:06,32.93,53.88
2025-04-05 20:45:06,32.91,53.81
2025-04-05 20:46:06,33.5,53.79
2025-04-05 20:47:06,32.16,53.14
2025-04-05 20:48:06,32.88,52.91
2025-04-05 20:49:06,32.88,53.15
2025-04-05 20:50:06,32.53,52.8
2025-04-05 20:51:06,33.59,52.87
2025-04-05 20:52:06,32.53,52.78
2025-04-05 20:53:06,32.53,52.63
2025-04-05 20:54:06,33.4,52.73
2025-04-05 20:55:06,32.08,52.42
2025-04-05 20:56:06,33.3,53.17
2025-04-05 20:57:06,32,52.83
2025-04-05 20:58:06,32.16,52.9
2025-04-05 20:59:06,33.05,53.03
2025-04-05 21:00:06,32,52.74
2025-04-05 21:01:06,33.44,53.25
2025-04-05 21:02:06,32.02,53.26
2025-04-05 21:03:06,32.2,53.52
2025-04-05 21:04:06,32.45,53.63
2025-04-05 21:05:06,31.96,53.86
2025-04-05 21:06:06,33.3,54.25
2025-04-05 21:07:06,32.16,53.95
2025-04-05 21:08:06,32.24,53.88
2025-04-05 21:09:07,32.99,54.38
2025-04-05 21:10:07,32.25,54.27
2025-04-05 21:11:07,33.13,54.62
2025-04-05 21:12:07,32.6,54.54
2025-04-05 21:13:07,31.85,54.04
2025-04-05 21:14:07,33.36,54.41
2025-04-05 21:15:07,32.14,54.57
2025-04-05 21:16:07,32.47,54.6
2025-04-05 21:17:07,33.26,54.49
2025-04-05 21:18:07,31.93,54.13
2025-04-05 21:19:07,32.8,54.04
2025-04-05 21:20:07,32.33,53.74
2025-04-05 21:21:07,32.37,53.6
2025-04-05 21:22:07,32.82,53.64
2025-04-05 21:23:07,31.93,53.16
2025-04-05 21:24:07,33.42,53.48
2025-04-05 21:25:07,32.41,53.69
2025-04-05 21:26:07,32.2,53.71
2025-04-05 21:27:07,33.24,54.06
2025-04-05 21:28:07,32.16,53.64
2025-04-05 21:29:07,33.5,53.64
2025-04-05 21:30:07,32.89,54.11
2025-04-05 21:31:07,32.35,53.82
2025-04-05 21:32:07,33.42,54.03
2025-04-05 21:33:07,32.78,53.94
2025-04-05 21:34:07,32.18,53.96
2025-04-05 21:35:07,33.55,54.42
2025-04-05 21:36:07,32.35,54.1
2025-04-05 21:37:07,33.73,54.51
2025-04-05 21:38:07,32.84,54.87
2025-04-05 21:39:07,32.2,54.67
2025-04-05 21:40:07,33.28,55.11
2025-04-05 21:41:07,32.88,55.2
2025-04-05 21:42:07,33.61,55.15
2025-04-05 21:43:07,32.76,55.07
2025-04-05 21:44:07,31.93,55.06
2025-04-05 21:45:07,33.59,55.14
2025-04-05 21:46:07,32.84,54.65
2025-04-05 21:47:07,33.98,54.81
2025-04-05 21:48:07,32.78,54.66
2025-04-05 21:49:07,32.22,54.56
2025-04-05 21:50:07,33.03,54.97
2025-04-05 21:51:07,32.58,54.81
2025-04-05 21:52:07,33.5,54.93
2025-04-05 21:53:07,32.39,54.51
2025-04-05 21:54:07,32.39,54.6
2025-04-05 21:55:07,33.13,54.71
2025-04-05 21:56:07,32.31,54.33
2025-04-05 21:57:07,33.22,54.24
2025-04-05 21:58:07,32.82,54.04
2025-04-05 21:59:07,32.47,53.46
2025-04-05 22:00:07,33.13,53.59
2025-04-05 22:01:07,32.35,53.78
2025-04-05 22:02:07,33.44,54.06
2025-04-05 22:03:07,33.09,53.73
2025-04-05 22:04:07,31.69,53.26
2025-04-05 22:05:07,33.09,53.55
2025-04-05 22:06:07,32.29,53.34
2025-04-05 22:07:07,33.65,53.68
2025-04-05 22:08:07,32.51,53.61
2025-04-05 22:09:07,32.27,53.25
2025-04-05 22:10:07,33.13,53.51
2025-04-05 22:11:07,32.24,53.24
2025-04-05 22:12:07,33.73,53.55
2025-04-05 22:13:07,32.66,53.61
2025-04-05 22:14:07,32.57,53.14
2025-04-05 22:15:07,33.48,53.54
2025-04-05 22:16:07,32.57,53.77
2025-04-05 22:17:07,33.71,54.37
2025-04-05 22:18:07,32.27,54.53
2025-04-05 22:19:07,31.81,54.72
2025-04-05 22:20:07,33.46,55.03
2025-04-05 22:21:07,32.22,55
2025-04-05 22:22:07,33.79,55.19
2025-04-05 22:23:07,32.45,55.19
2025-04-05 22:24:07,32.31,54.69
2025-04-05 22:25:07,32.72,55.46
2025-04-05 22:26:07,32.24,55.38
2025-04-05 22:27:07,33.61,55.49
2025-04-05 22:28:07,32.49,55.35
2025-04-05 22:29:07,32.8,55.45
2025-04-05 22:30:07,32.78,55.74
2025-04-05 22:31:07,32.64,55.5
2025-04-05 22:32:07,33.67,55.42
2025-04-05 22:33:07,32.76,55.21
2025-04-05 22:34:07,33.57,55.02
2025-04-05 22:35:07,32.97,55.15
2025-04-05 22:36:07,32.35,55.88
2025-04-05 22:37:07,32.72,55.75
2025-04-05 22:38:07,33.46,55.36
2025-04-05 22:39:07,32.18,55.72
2025-04-05 22:40:07,31.6,55.83
2025-04-05 22:41:07,33.36,56.11
2025-04-05 22:42:07,32.68,55.45
2025-04-05 22:43:07,33.4,55.59
2025-04-05 22:44:07,32.91,55.69
2025-04-05 22:45:07,31.96,55.39
2025-04-05 22:46:07,33.34,55.97
2025-04-05 22:47:07,32.06,56.24
2025-04-05 22:48:15,31.63,56.9
2025-04-05 22:49:15,31.87,57.34
2025-04-05 22:50:15,32,57.28
2025-04-05 22:51:15,31.56,57.01
2025-04-05 22:52:15,32.2,57.52
2025-04-05 22:53:15,31.6,57.33
2025-04-05 22:54:15,32.62,57.38
2025-04-05 22:55:15,31.77,57.22
2025-04-05 22:56:15,31.34,56.78
2025-04-05 22:57:15,32.2,56.95
2025-04-05 22:58:15,31.79,56.65
2025-04-05 22:59:15,32.88,56.89
2025-04-05 23:00:15,32.1,56.67
2025-04-05 23:01:15,31.69,56.38
2025-04-05 23:02:15,32.12,56.54
2025-04-05 23:03:15,31.96,56.34
2025-04-05 23:04:15,32.06,56.43